productId,amount,currency,validFrom,validTo
8842de40-c0c6-4636-aaac-7e19d29c6c17,24.99,GBP,2026-10-05T00:00:00Z,
17cf5344-d941-4480-9ae0-6745dc1c8b30,59.99,GBP,2026-10-05T00:00:00Z,
f7331689-99cf-4aac-8a54-bbb070273548,18.50,GBP,2026-10-05T00:00:00Z,
55ab1c6f-66e4-4fd7-a93e-be55d46396f2,89.99,GBP,2026-10-05T00:00:00Z,
42072a63-9946-4403-a8be-02f0490112d2,39.95,GBP,2026-10-05T00:00:00Z,
d21414dc-027a-441b-af20-59f2af99d741,34.99,GBP,2026-10-05T00:00:00Z,
e22a76eb-fe35-4d2e-8976-3bc74437b0f6,44.99,GBP,2026-10-05T00:00:00Z,
2bedd9fc-a3aa-43c3-a91a-36a9fafb0600,31.50,GBP,2026-10-05T00:00:00Z,
d4739ced-2780-456c-a427-e52ef31df17a,42.00,GBP,2026-10-05T00:00:00Z,
b6924581-9fbd-4efc-8388-a174df6c28c6,38.99,GBP,2026-10-05T00:00:00Z,
94102a84-9f49-4c74-8e05-268ba64f5d13,19.99,GBP,2026-10-05T00:00:00Z,
7891eb33-6637-4207-80aa-93c24955807a,44.99,GBP,2026-10-05T00:00:00Z,
5a41fd26-c1b2-49a1-86d3-01fe5e40f08d,79.99,GBP,2026-10-05T00:00:00Z,
0ef32f7e-b437-42b8-b49b-e451c66190e7,39.99,GBP,2026-10-05T00:00:00Z,
aa1fc87c-6c4f-4805-9b3c-451b4734311f,14.99,GBP,2026-10-05T00:00:00Z,
f617bbbc-831a-4550-bdfa-49c6f025563b,84.99,GBP,2026-10-05T00:00:00Z,
8be2757e-a745-46bc-80a7-90b952c4ed03,29.99,GBP,2026-10-05T00:00:00Z,
55ff6995-cec9-4d0b-b157-1960fc61a25d,119.99,GBP,2026-10-05T00:00:00Z,
1239b6e0-f88e-4095-b51f-a1f9fd8fb659,249.99,GBP,2026-10-05T00:00:00Z,
f3d20c48-db38-4789-bef7-931431666421,36.50,GBP,2026-10-05T00:00:00Z,
06b26156-58e5-4d07-bd2c-4f43608f85f3,69.99,GBP,2026-10-05T00:00:00Z,
a8a117f5-7654-43a9-8593-45631a500ce2,54.99,GBP,2026-10-05T00:00:00Z,
5cdbda9c-058c-4cff-84a1-0db6121f69a2,149.99,GBP,2026-10-05T00:00:00Z,
d1231996-27c8-42f2-8bd3-a879ff1347ff,49.99,GBP,2026-10-05T00:00:00Z,
da3d0eb8-f43c-4085-8472-8971ba20391a,39.99,GBP,2026-10-05T00:00:00Z,
9d92f1b9-1564-4b08-81d0-95fa930474d5,49.99,GBP,2026-10-05T00:00:00Z,
f1ce459f-58a6-41c8-899d-0c7e7f1fe242,39.99,GBP,2026-10-05T00:00:00Z,
e6bf4eca-f3a7-4b24-abe2-cbef658f5cfc,17.99,GBP,2026-10-05T00:00:00Z,
6cb54e45-080b-4b41-84c7-a964d6971794,29.99,GBP,2026-10-05T00:00:00Z,
21610cf8-43a2-4400-b73f-f33a08ad34fc,44.99,GBP,2026-10-05T00:00:00Z,
9ee91cc8-39ee-4869-9b0e-750c2d5b3150,99.99,GBP,2026-10-05T00:00:00Z,
3f167839-5f53-4f86-98ee-edba7eb45323,129.99,GBP,2026-10-05T00:00:00Z,
99366c44-2481-4fd2-a873-1e6e094f0534,34.99,GBP,2026-10-05T00:00:00Z,
c9daae73-0ad1-41ea-8e75-97575667ddf3,29.99,GBP,2026-10-05T00:00:00Z,
555a0f29-c671-4c4b-8ef3-4170bee4883a,229.99,GBP,2026-10-05T00:00:00Z,
d35a14b2-c566-4a7f-be61-6c781d9b2014,12.99,GBP,2026-10-05T00:00:00Z,
4775dc07-b6f7-4129-9c72-5a918f0c2c51,189.99,GBP,2026-10-05T00:00:00Z,
0b8e8f57-fcaa-4434-885f-bfbf018d7002,21.50,GBP,2026-10-05T00:00:00Z,
8e1e25bd-37d8-4b00-8d15-7dec5b49176c,9.99,GBP,2026-10-05T00:00:00Z,
b6c90774-f76a-403f-9dd0-1456184f2b42,32.99,GBP,2026-10-05T00:00:00Z,
de1b85ca-bff2-44a6-91f9-1186b7aa0563,24.99,GBP,2026-10-05T00:00:00Z,
d86de929-fcc8-44b5-87a4-de394789cff4,149.99,GBP,2026-10-05T00:00:00Z,
91916aa7-6f1b-4237-a069-64f7f9fd3630,19.99,GBP,2026-10-05T00:00:00Z,
31c4d5f3-8e49-475d-b600-526e8fc9d8e0,64.99,GBP,2026-10-05T00:00:00Z,
28055db9-5485-4663-a01e-bbba39bd74e7,22.99,GBP,2026-10-05T00:00:00Z,
247d25e9-5542-4ee2-ad7e-7ca0c10574d7,27.99,GBP,2026-10-05T00:00:00Z,
971ac593-10e4-425b-ae90-91e28663d10f,44.99,GBP,2026-10-05T00:00:00Z,
455f31ec-db9d-4c61-b668-80664adbb3ba,29.99,GBP,2026-10-05T00:00:00Z,
ad52c03b-7c96-4b5f-8b2e-ddfa9777f9bf,16.99,GBP,2026-10-05T00:00:00Z,
ee687c51-24e1-4dc0-aebf-85fb8fd27239,74.99,GBP,2026-10-05T00:00:00Z,
