name,price,stock,categoryId,imageUrl
Car Phone Mount,24.99,45,5749a551-e38d-4047-a7b3-2d59bb6f4162,https://placehold.co/600x400?text=Car+Phone+Mount
Portable Tyre Inflator,59.99,22,5749a551-e38d-4047-a7b3-2d59bb6f4162,https://placehold.co/600x400?text=Portable+Tyre+Inflator
Microfiber Car Cleaning Kit,18.50,70,5749a551-e38d-4047-a7b3-2d59bb6f4162,https://placehold.co/600x400?text=Microfiber+Car+Cleaning+Kit
Dash Camera 1080p,89.99,16,5749a551-e38d-4047-a7b3-2d59bb6f4162,https://placehold.co/600x400?text=Dash+Camera+1080p
Emergency Car Tool Kit,39.95,31,5749a551-e38d-4047-a7b3-2d59bb6f4162,https://placehold.co/600x400?text=Emergency+Car+Tool+Kit
Clean Code,34.99,28,84ef4ad5-1f5b-42cc-8d43-ce18116bfd3b,https://placehold.co/600x400?text=Clean+Code
Designing Data-Intensive Applications,44.99,20,84ef4ad5-1f5b-42cc-8d43-ce18116bfd3b,https://placehold.co/600x400?text=Designing+Data-Intensive+Applications
The Pragmatic Programmer,31.50,33,84ef4ad5-1f5b-42cc-8d43-ce18116bfd3b,https://placehold.co/600x400?text=The+Pragmatic+Programmer
Domain-Driven Design,42.00,14,84ef4ad5-1f5b-42cc-8d43-ce18116bfd3b,https://placehold.co/600x400?text=Domain-Driven+Design
C# in Depth,38.99,25,84ef4ad5-1f5b-42cc-8d43-ce18116bfd3b,https://placehold.co/600x400?text=C%23+in+Depth
Classic Cotton T-Shirt,19.99,80,19544c77-1752-464b-84b8-18a8cdf432c7,https://placehold.co/600x400?text=Classic+Cotton+T-Shirt
Slim Fit Jeans,44.99,42,19544c77-1752-464b-84b8-18a8cdf432c7,https://placehold.co/600x400?text=Slim+Fit+Jeans
Waterproof Jacket,79.99,19,19544c77-1752-464b-84b8-18a8cdf432c7,https://placehold.co/600x400?text=Waterproof+Jacket
Running Hoodie,39.99,36,19544c77-1752-464b-84b8-18a8cdf432c7,https://placehold.co/600x400?text=Running+Hoodie
Everyday Crew Socks 5-Pack,14.99,95,19544c77-1752-464b-84b8-18a8cdf432c7,https://placehold.co/600x400?text=Everyday+Crew+Socks+5-Pack
Mechanical Keyboard,84.99,27,7e1e4f5d-8a5c-48dd-bb34-d342692f4b7d,https://placehold.co/600x400?text=Mechanical+Keyboard
Wireless Mouse,29.99,58,7e1e4f5d-8a5c-48dd-bb34-d342692f4b7d,https://placehold.co/600x400?text=Wireless+Mouse
USB-C Docking Station,119.99,18,7e1e4f5d-8a5c-48dd-bb34-d342692f4b7d,https://placehold.co/600x400?text=USB-C+Docking+Station
27 Inch QHD Monitor,249.99,12,7e1e4f5d-8a5c-48dd-bb34-d342692f4b7d,https://placehold.co/600x400?text=27+Inch+QHD+Monitor
Laptop Stand,36.50,41,7e1e4f5d-8a5c-48dd-bb34-d342692f4b7d,https://placehold.co/600x400?text=Laptop+Stand
Wireless Earbuds,69.99,38,fe894bb4-ef75-4837-87cb-5180fdad85bd,https://placehold.co/600x400?text=Wireless+Earbuds
Bluetooth Speaker,54.99,29,fe894bb4-ef75-4837-87cb-5180fdad85bd,https://placehold.co/600x400?text=Bluetooth+Speaker
Smart Watch,149.99,17,fe894bb4-ef75-4837-87cb-5180fdad85bd,https://placehold.co/600x400?text=Smart+Watch
4K Streaming Stick,49.99,44,fe894bb4-ef75-4837-87cb-5180fdad85bd,https://placehold.co/600x400?text=4K+Streaming+Stick
Portable Power Bank 20000mAh,39.99,53,fe894bb4-ef75-4837-87cb-5180fdad85bd,https://placehold.co/600x400?text=Portable+Power+Bank+20000mAh
Electric Toothbrush,49.99,34,d14fd0d7-a37c-4de7-bf03-24f503bdf61b,https://placehold.co/600x400?text=Electric+Toothbrush
Hair Dryer,39.99,26,d14fd0d7-a37c-4de7-bf03-24f503bdf61b,https://placehold.co/600x400?text=Hair+Dryer
Vitamin C Face Serum,17.99,61,d14fd0d7-a37c-4de7-bf03-24f503bdf61b,https://placehold.co/600x400?text=Vitamin+C+Face+Serum
Digital Bathroom Scale,29.99,32,d14fd0d7-a37c-4de7-bf03-24f503bdf61b,https://placehold.co/600x400?text=Digital+Bathroom+Scale
Beard Trimmer,44.99,23,d14fd0d7-a37c-4de7-bf03-24f503bdf61b,https://placehold.co/600x400?text=Beard+Trimmer
Digital Air Fryer,99.99,21,a485b0e4-8f25-4bf0-805e-4e79e85808c2,https://placehold.co/600x400?text=Digital+Air+Fryer
Stainless Steel Cookware Set,129.99,13,a485b0e4-8f25-4bf0-805e-4e79e85808c2,https://placehold.co/600x400?text=Stainless+Steel+Cookware+Set
Electric Kettle,34.99,47,a485b0e4-8f25-4bf0-805e-4e79e85808c2,https://placehold.co/600x400?text=Electric+Kettle
Memory Foam Pillow,29.99,56,a485b0e4-8f25-4bf0-805e-4e79e85808c2,https://placehold.co/600x400?text=Memory+Foam+Pillow
Robot Vacuum Cleaner,229.99,11,a485b0e4-8f25-4bf0-805e-4e79e85808c2,https://placehold.co/600x400?text=Robot+Vacuum+Cleaner
A4 Notebook 3-Pack,12.99,90,8e6bdfeb-e24b-40a1-b391-0816ed91d0d4,https://placehold.co/600x400?text=A4+Notebook+3-Pack
Ergonomic Office Chair,189.99,10,8e6bdfeb-e24b-40a1-b391-0816ed91d0d4,https://placehold.co/600x400?text=Ergonomic+Office+Chair
Desk Organiser,21.50,49,8e6bdfeb-e24b-40a1-b391-0816ed91d0d4,https://placehold.co/600x400?text=Desk+Organiser
Gel Pen Set 12-Pack,9.99,120,8e6bdfeb-e24b-40a1-b391-0816ed91d0d4,https://placehold.co/600x400?text=Gel+Pen+Set+12-Pack
Adjustable Desk Lamp,32.99,37,8e6bdfeb-e24b-40a1-b391-0816ed91d0d4,https://placehold.co/600x400?text=Adjustable+Desk+Lamp
Yoga Mat,24.99,64,761d8708-46fe-4ee9-ba38-36b0e8ad5913,https://placehold.co/600x400?text=Yoga+Mat
Adjustable Dumbbell Set,149.99,15,761d8708-46fe-4ee9-ba38-36b0e8ad5913,https://placehold.co/600x400?text=Adjustable+Dumbbell+Set
Insulated Water Bottle,19.99,72,761d8708-46fe-4ee9-ba38-36b0e8ad5913,https://placehold.co/600x400?text=Insulated+Water+Bottle
Camping Backpack 40L,64.99,24,761d8708-46fe-4ee9-ba38-36b0e8ad5913,https://placehold.co/600x400?text=Camping+Backpack+40L
Resistance Bands Set,22.99,67,761d8708-46fe-4ee9-ba38-36b0e8ad5913,https://placehold.co/600x400?text=Resistance+Bands+Set
Wooden Building Blocks,27.99,39,d1e37d97-2fa9-47a1-a957-3366c66bf0cb,https://placehold.co/600x400?text=Wooden+Building+Blocks
Remote Control Car,44.99,28,d1e37d97-2fa9-47a1-a957-3366c66bf0cb,https://placehold.co/600x400?text=Remote+Control+Car
Family Board Game,29.99,35,d1e37d97-2fa9-47a1-a957-3366c66bf0cb,https://placehold.co/600x400?text=Family+Board+Game
1000 Piece Puzzle,16.99,52,d1e37d97-2fa9-47a1-a957-3366c66bf0cb,https://placehold.co/600x400?text=1000+Piece+Puzzle
STEM Robotics Kit,74.99,18,d1e37d97-2fa9-47a1-a957-3366c66bf0cb,https://placehold.co/600x400?text=STEM+Robotics+Kit
